{"cameraMode":{"drawMode":0,"name":"Shaded","section":"Shading Mode"},"sceneLighting":false,"audioPlay":false,"sceneViewState":{"showFog":true,"showMaterialUpdate":false,"showSkybox":false,"showFlares":true,"showImageEffects":true,"showParticleSystems":true,"showVisualEffectGraphs":true,"m_FxEnabled":true},"in2DMode":false,"pivot":{"x":0.0000622868537902832,"y":0.5826402902603149,"z":0.08757328987121582},"rotation":{"x":-0.22283905744552613,"y":0.7413340210914612,"z":-0.2949066758155823,"w":-0.5601781010627747},"size":1.073063850402832,"orthographic":false}